Date/Time,Lat,Lon,Base
2014-04-01 00:00:00,40.740598192598235,-74.06921871934831,B02682
2014-04-01 00:05:00,40.616890982704554,-73.82148448964874,B02617
2014-04-01 00:10:00,40.635645374880426,-73.96405001449277,B02764
2014-04-01 00:15:00,40.63525787403313,-73.8100932913885,B02617
2014-04-01 00:20:00,40.79476309063482,-74.07385746368041,B02617
2014-04-01 00:25:00,40.82381346377963,-73.97388386486776,B02765
2014-04-01 00:30:00,40.77501062952915,-73.88420348304986,B02764
2014-04-01 00:35:00,40.88865176454236,-73.78371073406441,B02764
2014-04-01 00:40:00,40.712461173857115,-73.97249899882716,B02764
2014-04-01 00:45:00,40.68571362588456,-73.8496434494252,B02617
2014-04-01 00:50:00,40.860579738456835,-73.74560890070553,B02682
2014-04-01 00:55:00,40.667078751555835,-73.85365472472708,B02764
2014-04-01 01:00:00,40.88896676183218,-74.00681621009855,B02617
2014-04-01 01:05:00,40.60364634240695,-74.09023968737738,B02765
2014-04-01 01:10:00,40.89096364801229,-73.75196045043963,B02682
2014-04-01 01:15:00,40.61294797358517,-74.09149223565984,B02765
2014-04-01 01:20:00,40.86734293410942,-73.75011933092632,B02682
2014-04-01 01:25:00,40.75831033272589,-73.88842514638911,B02617
2014-04-01 01:30:00,40.89788943883579,-73.72437292059485,B02512
2014-04-01 01:35:00,40.62213896942062,-73.78048670569054,B02682
2014-04-01 01:40:00,40.7661562853204,-73.70082635578667,B02765
2014-04-01 01:45:00,40.890790760685725,-73.95971527381931,B02617
2014-04-01 01:50:00,40.756929353251046,-73.79312468442755,B02682
2014-04-01 01:55:00,40.78881959144058,-73.9392276345563,B02512
2014-04-01 02:00:00,40.808724606695385,-73.90804975187844,B02512
2014-04-01 02:05:00,40.736362319430334,-73.84899781471265,B02764
2014-04-01 02:10:00,40.78826742402522,-73.75052915432546,B02764
2014-04-01 02:15:00,40.77529429357693,-73.70636661232028,B02765
2014-04-01 02:20:00,40.87034740314729,-73.79269063445419,B02682
2014-04-01 02:25:00,40.61363391410244,-73.93289328713307,B02682
2014-04-01 02:30:00,40.68428895687767,-73.93145719908917,B02764
2014-04-01 02:35:00,40.885123445222966,-73.80496707936445,B02682
2014-04-01 02:40:00,40.86707913516727,-74.00448914169267,B02682
2014-04-01 02:45:00,40.73669702583572,-74.05581035474744,B02512
2014-04-01 02:50:00,40.78603977934046,-73.95815113694368,B02764
2014-04-01 02:55:00,40.68321435489434,-73.98510440333837,B02617
2014-04-01 03:00:00,40.65643634791713,-73.9814767518176,B02764
2014-04-01 03:05:00,40.73910952148199,-74.00655689958003,B02617
2014-04-01 03:10:00,40.70600566840782,-74.08316272414545,B02512
2014-04-01 03:15:00,40.77509683355526,-74.09285042610662,B02765
2014-04-01 03:20:00,40.6233203910895,-73.70491104410559,B02682
2014-04-01 03:25:00,40.892318442299846,-73.92889074650566,B02512
2014-04-01 03:30:00,40.89586322334388,-73.94626934113613,B02682
2014-04-01 03:35:00,40.809448514205926,-73.82814108692277,B02765
2014-04-01 03:40:00,40.76082890990324,-74.01269844485397,B02765
2014-04-01 03:45:00,40.6928582848859,-73.72001552641991,B02512
2014-04-01 03:50:00,40.844138505912085,-73.78546199423378,B02765
2014-04-01 03:55:00,40.80541935176616,-74.06423559907509,B02617
2014-04-01 04:00:00,40.64878508180347,-73.93296768968602,B02765
2014-04-01 04:05:00,40.87327815534815,-73.74835267697513,B02682
2014-04-01 04:10:00,40.84676117287695,-73.72210719108344,B02682
2014-04-01 04:15:00,40.88493997398758,-73.91303939550005,B02682
2014-04-01 04:20:00,40.81771585251651,-73.85463544431572,B02682
2014-04-01 04:25:00,40.784024558780736,-74.03318642156317,B02617
2014-04-01 04:30:00,40.725472910887184,-73.70353254954522,B02764
2014-04-01 04:35:00,40.8798185450062,-74.00733131944662,B02512
2014-04-01 04:40:00,40.85981916685012,-73.72290729034596,B02682
2014-04-01 04:45:00,40.61356560103186,-73.84014134040305,B02765
2014-04-01 04:50:00,40.60791009234918,-73.85690528204846,B02682
2014-04-01 04:55:00,40.712939010063415,-73.8949245955934,B02765
2014-04-01 05:00:00,40.84316599923455,-74.00773207531289,B02765
2014-04-01 05:05:00,40.89618283879448,-74.02938878719779,B02682
2014-04-01 05:10:00,40.64512506733106,-74.01180551637192,B02617
2014-04-01 05:15:00,40.77823921460564,-74.02542469514229,B02765
2014-04-01 05:20:00,40.71426725698931,-73.7881662105733,B02765
2014-04-01 05:25:00,40.89097431934438,-73.9599498963333,B02682
2014-04-01 05:30:00,40.852635676940714,-74.07686292937464,B02765
2014-04-01 05:35:00,40.85149861141334,-73.71235894794368,B02765
2014-04-01 05:40:00,40.74060794793849,-73.74648564601463,B02682
2014-04-01 05:45:00,40.7244458507013,-73.72889908672192,B02682
2014-04-01 05:50:00,40.682022121579216,-73.70203687094143,B02512
2014-04-01 05:55:00,40.61691264899528,-74.0304419003122,B02617
2014-04-01 06:00:00,40.859416712876516,-73.94150319243893,B02617
2014-04-01 06:05:00,40.84387030273902,-73.79670460971836,B02765
2014-04-01 06:10:00,40.899915301985835,-73.82159175277849,B02617
2014-04-01 06:15:00,40.898991051122174,-74.03844163746405,B02765
2014-04-01 06:20:00,40.76662951168079,-73.77366675000376,B02512
2014-04-01 06:25:00,40.83069622455415,-74.01022377126533,B02682
2014-04-01 06:30:00,40.88342971896473,-74.01047295407095,B02682
2014-04-01 06:35:00,40.854894217203224,-73.88521023084263,B02682
2014-04-01 06:40:00,40.67420443052296,-73.86282402606332,B02617
2014-04-01 06:45:00,40.73516324059303,-73.86796551686487,B02512
2014-04-01 06:50:00,40.63874782454545,-74.0634052650409,B02617
2014-04-01 06:55:00,40.88621530817762,-73.74901565494785,B02617
2014-04-01 07:00:00,40.78185239033527,-73.99375998296452,B02512
2014-04-01 07:05:00,40.66859284165104,-74.04819403148687,B02512
2014-04-01 07:10:00,40.801510205321755,-73.7445007680524,B02512
2014-04-01 07:15:00,40.78543847213737,-73.7177394007081,B02512
2014-04-01 07:20:00,40.707448815409855,-73.75514895309382,B02682
2014-04-01 07:25:00,40.63406727765989,-73.77619357011005,B02764
2014-04-01 07:30:00,40.80147195867784,-73.83790320774439,B02764
2014-04-01 07:35:00,40.756092310271136,-73.87965705175634,B02512
2014-04-01 07:40:00,40.83169551752069,-74.06520529603543,B02764
2014-04-01 07:45:00,40.7560490503336,-73.93661871477171,B02764
2014-04-01 07:50:00,40.855654450095564,-73.95092459319507,B02512
2014-04-01 07:55:00,40.76557205163235,-73.99609848649587,B02764
2014-04-01 08:00:00,40.76828139146062,-73.81063195452457,B02617
2014-04-01 08:05:00,40.8629960807975,-73.9016497059685,B02765
2014-04-01 08:10:00,40.72104485986372,-74.06758151363694,B02765
2014-04-01 08:15:00,40.6402045685352,-74.01192671922007,B02512
2014-04-01 08:20:00,40.608634802894,-73.82669649453617,B02682
2014-04-01 08:25:00,40.82654117670209,-74.06954765620388,B02512
2014-04-01 08:30:00,40.78609286540604,-73.7595172343805,B02682
2014-04-01 08:35:00,40.81122393042977,-73.9019413891944,B02765
2014-04-01 08:40:00,40.663889248452676,-73.90776536906934,B02512
2014-04-01 08:45:00,40.640911442676035,-73.86303688613619,B02617
2014-04-01 08:50:00,40.60436339970037,-73.77012761362994,B02764
2014-04-01 08:55:00,40.70517626764198,-73.96087631683912,B02682
2014-04-01 09:00:00,40.77697530605639,-73.82879353897637,B02764
2014-04-01 09:05:00,40.71767321352992,-73.87370721440168,B02764
2014-04-01 09:10:00,40.73124247660712,-73.99318869193223,B02512
2014-04-01 09:15:00,40.87124760834812,-73.74854800545793,B02764
2014-04-01 09:20:00,40.70447664010699,-73.78102959135722,B02617
2014-04-01 09:25:00,40.754196846747945,-73.83661926613662,B02764
2014-04-01 09:30:00,40.83509590382234,-73.7597673083623,B02512
2014-04-01 09:35:00,40.718962834696384,-73.75308231961608,B02617
2014-04-01 09:40:00,40.78662601006836,-73.81665480931399,B02765
2014-04-01 09:45:00,40.85870911262402,-73.76519466865453,B02764
2014-04-01 09:50:00,40.88485618709729,-73.8210114153323,B02512
2014-04-01 09:55:00,40.64412204427871,-73.82794369129589,B02765
2014-04-01 10:00:00,40.87797628754845,-73.85255544871393,B02765
2014-04-01 10:05:00,40.74763488792386,-73.79891334417694,B02682
2014-04-01 10:10:00,40.67747331648969,-74.03655795788276,B02617
2014-04-01 10:15:00,40.73774072687148,-73.74765169632043,B02764
2014-04-01 10:20:00,40.89400977258564,-73.75126258890191,B02512
2014-04-01 10:25:00,40.74778542819786,-74.08830108678617,B02682
2014-04-01 10:30:00,40.69862548308625,-73.7696732997741,B02617
2014-04-01 10:35:00,40.790020256295016,-74.04845205301062,B02682
2014-04-01 10:40:00,40.67204368563346,-73.96595245829634,B02617
2014-04-01 10:45:00,40.6227589984326,-73.80259669748335,B02617
2014-04-01 10:50:00,40.63866391657319,-74.03569604158068,B02764
2014-04-01 10:55:00,40.63841375168733,-73.77281319035238,B02617
2014-04-01 11:00:00,40.64557080805369,-73.7671463288169,B02682
2014-04-01 11:05:00,40.641648151794826,-73.89701290649566,B02617
2014-04-01 11:10:00,40.79226242344097,-74.09744565131327,B02764
2014-04-01 11:15:00,40.65456402531974,-73.98518474673003,B02764
2014-04-01 11:20:00,40.70370018499716,-73.8532292326497,B02682
2014-04-01 11:25:00,40.869036522971804,-73.70752552878903,B02765
2014-04-01 11:30:00,40.74218849207886,-73.84727458919333,B02765
2014-04-01 11:35:00,40.800267321556305,-73.99607856757433,B02617
2014-04-01 11:40:00,40.65169596136049,-73.84639771876016,B02512
2014-04-01 11:45:00,40.657686705642604,-73.88400584811366,B02617
2014-04-01 11:50:00,40.61226058487995,-73.78806184193954,B02682
2014-04-01 11:55:00,40.650680518921654,-74.05720774446921,B02682
2014-04-01 12:00:00,40.68357710170959,-73.7955888389992,B02682
2014-04-01 12:05:00,40.653103145283026,-73.88349336852956,B02682
2014-04-01 12:10:00,40.626610760127114,-73.71480319845641,B02682
2014-04-01 12:15:00,40.636190761330184,-73.96325113358452,B02764
2014-04-01 12:20:00,40.738233630409816,-73.84695124274641,B02765
2014-04-01 12:25:00,40.66190011552174,-73.727188757796,B02682
2014-04-01 12:30:00,40.70928095831442,-74.05899610880373,B02512
2014-04-01 12:35:00,40.75102518125646,-73.72510860510542,B02512
2014-04-01 12:40:00,40.80711844858881,-73.82484571107967,B02512
2014-04-01 12:45:00,40.61179364195233,-74.07286517635792,B02512
2014-04-01 12:50:00,40.839823119672715,-73.97961457322127,B02764
2014-04-01 12:55:00,40.788370116847275,-73.81673116454189,B02512
2014-04-01 13:00:00,40.62452770958466,-74.07305975941249,B02682
2014-04-01 13:05:00,40.86207358723203,-73.8671318159295,B02617
2014-04-01 13:10:00,40.87626172015954,-73.96164677721882,B02512
2014-04-01 13:15:00,40.61832338795646,-73.85163379289301,B02764
2014-04-01 13:20:00,40.68306329444416,-74.081703186475,B02764
2014-04-01 13:25:00,40.84186038393792,-73.75138527753906,B02512
2014-04-01 13:30:00,40.824477907115096,-73.71060441232905,B02617
2014-04-01 13:35:00,40.65535630580691,-73.71244885788573,B02512
2014-04-01 13:40:00,40.662804797001016,-73.80013926730282,B02764
2014-04-01 13:45:00,40.71114163083742,-74.04796550394774,B02765
2014-04-01 13:50:00,40.74535689555731,-73.7966947216284,B02682
2014-04-01 13:55:00,40.78547643145909,-74.09016523341647,B02764
2014-04-01 14:00:00,40.710674091870935,-74.0911505793884,B02512
2014-04-01 14:05:00,40.738760414839945,-73.97055591234017,B02682
2014-04-01 14:10:00,40.82424128144012,-73.90454272383813,B02512
2014-04-01 14:15:00,40.61100496086718,-73.79183703287688,B02512
2014-04-01 14:20:00,40.675731083303205,-73.8266818493574,B02765
2014-04-01 14:25:00,40.81400487576536,-73.9216389174493,B02682
2014-04-01 14:30:00,40.86856205130616,-73.99054933348734,B02682
2014-04-01 14:35:00,40.7535032326347,-73.70115019993692,B02765
2014-04-01 14:40:00,40.759634045579595,-73.92952747910562,B02764
2014-04-01 14:45:00,40.63215160340194,-73.91944519026812,B02512
2014-04-01 14:50:00,40.73422371004704,-74.03455047152333,B02617
2014-04-01 14:55:00,40.75978517993651,-73.78207618050003,B02512
2014-04-01 15:00:00,40.67274115109042,-73.8225271096874,B02512
2014-04-01 15:05:00,40.68077296928482,-74.01169215488449,B02764
2014-04-01 15:10:00,40.71318524893139,-74.06704758175366,B02512
2014-04-01 15:15:00,40.60602135933332,-73.82780027917012,B02765
2014-04-01 15:20:00,40.696623749674956,-73.83819551428755,B02765
2014-04-01 15:25:00,40.663434402098964,-73.99069618920072,B02682
2014-04-01 15:30:00,40.698249205653376,-73.71965457509984,B02617
2014-04-01 15:35:00,40.635928639545774,-74.03957684328763,B02512
2014-04-01 15:40:00,40.86715818422197,-73.92706607958296,B02512
2014-04-01 15:45:00,40.778077736066216,-73.72255363193297,B02764
2014-04-01 15:50:00,40.80373069574335,-73.93210907322955,B02765
2014-04-01 15:55:00,40.8367513715822,-73.84458962093437,B02617
2014-04-01 16:00:00,40.749532659678714,-73.94096224081488,B02682
2014-04-01 16:05:00,40.62607608642623,-73.99031391906053,B02765
2014-04-01 16:10:00,40.76113196254556,-73.70640894081608,B02682
2014-04-01 16:15:00,40.77605233540626,-73.93626639747399,B02764
2014-04-01 16:20:00,40.823631842255296,-73.74236031852834,B02764
2014-04-01 16:25:00,40.72949786386891,-74.00801815764356,B02512
2014-04-01 16:30:00,40.63827409083867,-74.01475811838996,B02617
2014-04-01 16:35:00,40.68513277173962,-74.08754636684618,B02682
2014-04-01 16:40:00,40.70892468891959,-73.83933326984965,B02765
2014-04-01 16:45:00,40.79377517239948,-73.95258946251049,B02764
2014-04-01 16:50:00,40.77123349140067,-73.75425670006415,B02512
2014-04-01 16:55:00,40.70682901776935,-73.91071603732338,B02512
2014-04-01 17:00:00,40.89595457463789,-73.71272262883411,B02682
2014-04-01 17:05:00,40.781732445807066,-74.02578979371874,B02764
2014-04-01 17:10:00,40.6711680375208,-73.75255073281775,B02617
2014-04-01 17:15:00,40.63053474178612,-73.7893612588833,B02764
2014-04-01 17:20:00,40.6458577417553,-73.79163126214237,B02682
2014-04-01 17:25:00,40.67378731851535,-73.76208670875324,B02682
2014-04-01 17:30:00,40.648204411977865,-73.7955904036228,B02764
2014-04-01 17:35:00,40.655970107215396,-73.84951187134743,B02682
2014-04-01 17:40:00,40.685528550608154,-74.04750204892704,B02764
2014-04-01 17:45:00,40.65201207858843,-74.08698952820349,B02765
2014-04-01 17:50:00,40.869029627387924,-73.73166086087373,B02764
2014-04-01 17:55:00,40.624070123698495,-73.8533398741917,B02764
2014-04-01 18:00:00,40.75735341687108,-73.78138508360954,B02682
2014-04-01 18:05:00,40.7231190480969,-73.90739105939498,B02682
2014-04-01 18:10:00,40.89471358507258,-74.05307672441504,B02512
2014-04-01 18:15:00,40.63361167065042,-74.04992568311897,B02512
2014-04-01 18:20:00,40.71935667971372,-73.82577388510842,B02765
2014-04-01 18:25:00,40.89084112998261,-73.92787764204022,B02512
2014-04-01 18:30:00,40.859652137768194,-74.01979010931986,B02764
2014-04-01 18:35:00,40.84512162128478,-73.90336218130342,B02682
2014-04-01 18:40:00,40.67737084811348,-74.07431642516994,B02512
2014-04-01 18:45:00,40.65126627621702,-73.86721143923424,B02512
2014-04-01 18:50:00,40.80059296597733,-73.99240263822595,B02765
2014-04-01 18:55:00,40.87881279673827,-73.78097635974513,B02765
2014-04-01 19:00:00,40.76702886790418,-73.97585521643057,B02764
2014-04-01 19:05:00,40.77148380684097,-73.91791194036728,B02682
2014-04-01 19:10:00,40.68399372809809,-74.09535178403675,B02765
2014-04-01 19:15:00,40.83084787995758,-74.07102124488217,B02512
2014-04-01 19:20:00,40.656113124567256,-73.94300257743733,B02682
2014-04-01 19:25:00,40.697103770921274,-73.90802446611315,B02682
2014-04-01 19:30:00,40.727630931584926,-73.85999178075228,B02512
2014-04-01 19:35:00,40.75228311360534,-73.98333496851627,B02765
2014-04-01 19:40:00,40.67272291972453,-73.82200724554939,B02512
2014-04-01 19:45:00,40.63445104742176,-73.75595104112432,B02682
2014-04-01 19:50:00,40.78318601273249,-73.78805960444267,B02617
2014-04-01 19:55:00,40.68658916597208,-74.08415246986065,B02617
2014-04-01 20:00:00,40.774371466426786,-73.90779722109687,B02764
2014-04-01 20:05:00,40.64630881458226,-74.05802792863273,B02512
2014-04-01 20:10:00,40.744342030556446,-74.00318199365499,B02512
2014-04-01 20:15:00,40.75977682976548,-73.70533496269314,B02764
2014-04-01 20:20:00,40.615547061046726,-74.0430017828394,B02764
2014-04-01 20:25:00,40.70098128345818,-73.90044473861946,B02764
2014-04-01 20:30:00,40.64032440308169,-73.85273770627275,B02682
2014-04-01 20:35:00,40.61901249114183,-73.81901401178236,B02512
2014-04-01 20:40:00,40.89698806971698,-73.87614052660523,B02682
2014-04-01 20:45:00,40.696706153492414,-74.09609166103232,B02764
2014-04-01 20:50:00,40.84296233375639,-73.9694154767024,B02512
2014-04-01 20:55:00,40.67639219642913,-73.89291534264612,B02682
2014-04-01 21:00:00,40.80445081666718,-74.06485340034206,B02682
2014-04-01 21:05:00,40.828068357966906,-73.95974922751633,B02764
2014-04-01 21:10:00,40.77869162218235,-74.08671875648345,B02512
2014-04-01 21:15:00,40.741472856565046,-74.06856860113798,B02764
2014-04-01 21:20:00,40.72355227424418,-73.94123068951936,B02512
2014-04-01 21:25:00,40.7046604799629,-74.04691369838277,B02617
2014-04-01 21:30:00,40.87885874327435,-73.87298366069538,B02765
2014-04-01 21:35:00,40.84918582233632,-73.8242140123451,B02765
2014-04-01 21:40:00,40.889508073199956,-73.77976532035636,B02765
2014-04-01 21:45:00,40.637289167045665,-74.01993990230207,B02764
2014-04-01 21:50:00,40.81926024256109,-74.03300696709637,B02617
2014-04-01 21:55:00,40.88150213704631,-74.05817286386623,B02512
2014-04-01 22:00:00,40.6543699198497,-73.84542790018254,B02682
2014-04-01 22:05:00,40.61994888021003,-73.81740970940524,B02512
2014-04-01 22:10:00,40.82233619478702,-74.08736554206973,B02682
2014-04-01 22:15:00,40.772341933953975,-73.72551510150252,B02512
2014-04-01 22:20:00,40.85254863302748,-74.0792114865394,B02617
2014-04-01 22:25:00,40.64193171298789,-73.88348146587957,B02682
2014-04-01 22:30:00,40.838580193557966,-73.81637579221963,B02764
2014-04-01 22:35:00,40.66048819601433,-73.75161235050157,B02512
2014-04-01 22:40:00,40.649096782859715,-73.81436522714704,B02512
2014-04-01 22:45:00,40.649279739379296,-73.77930876677209,B02682
2014-04-01 22:50:00,40.84437241606941,-73.96421992298288,B02764
2014-04-01 22:55:00,40.79955916620886,-73.7740699545014,B02764
2014-04-01 23:00:00,40.75691962743073,-74.06795406144613,B02617
2014-04-01 23:05:00,40.70764914523705,-73.74207333757579,B02764
2014-04-01 23:10:00,40.86316016224393,-73.88096304953851,B02764
2014-04-01 23:15:00,40.71773353222679,-73.773080892015,B02764
2014-04-01 23:20:00,40.84497983184147,-73.91907268619268,B02765
2014-04-01 23:25:00,40.73174047257107,-73.84256892192138,B02617
2014-04-01 23:30:00,40.71308332882747,-73.88943893562555,B02512
2014-04-01 23:35:00,40.73880393570088,-73.80736419129786,B02682
2014-04-01 23:40:00,40.690413362249245,-74.06734800718776,B02512
2014-04-01 23:45:00,40.82428281405287,-74.07585916640377,B02617
2014-04-01 23:50:00,40.750816117027746,-74.00115870639594,B02682
2014-04-01 23:55:00,40.669663808544044,-74.03618212795472,B02617
2014-04-02 00:00:00,40.86987237198237,-73.75128657336312,B02764
2014-04-02 00:05:00,40.71516736641196,-74.01231440505678,B02682
2014-04-02 00:10:00,40.763065858334194,-73.70965389767235,B02764
2014-04-02 00:15:00,40.87194163328936,-73.96524168329155,B02512
2014-04-02 00:20:00,40.787271398774195,-74.02715283372451,B02512
2014-04-02 00:25:00,40.63506941221251,-73.78412059714302,B02682
2014-04-02 00:30:00,40.88194963708404,-73.83651688979965,B02682
2014-04-02 00:35:00,40.788312415921425,-73.90072171341875,B02617
2014-04-02 00:40:00,40.70047168439713,-73.87785457962495,B02617
2014-04-02 00:45:00,40.64178162179902,-73.8123192886911,B02764
2014-04-02 00:50:00,40.838207556781086,-74.00861810346748,B02682
2014-04-02 00:55:00,40.78602182677855,-73.70146643357731,B02512
2014-04-02 01:00:00,40.760038327592895,-73.71008273514128,B02617
2014-04-02 01:05:00,40.868167774915285,-73.83986972546123,B02617
2014-04-02 01:10:00,40.83657916336736,-74.02018301962833,B02512
2014-04-02 01:15:00,40.645502463919826,-73.82790870302749,B02617
2014-04-02 01:20:00,40.69351662033866,-74.07112063640832,B02764
2014-04-02 01:25:00,40.67454674194434,-74.08773899911768,B02682
2014-04-02 01:30:00,40.823183887771805,-73.9969268445955,B02512
2014-04-02 01:35:00,40.61005973042074,-73.91495081730427,B02682
2014-04-02 01:40:00,40.77096690546139,-73.75269099783665,B02617
2014-04-02 01:45:00,40.8287376057222,-73.80913237209347,B02617
2014-04-02 01:50:00,40.86302969102852,-73.80291739152001,B02512
2014-04-02 01:55:00,40.70262452461477,-73.92980266622077,B02764
2014-04-02 02:00:00,40.8463771914016,-73.9616260029812,B02765
2014-04-02 02:05:00,40.633189521086564,-73.95158449480616,B02512
2014-04-02 02:10:00,40.853935687520355,-73.70494017450558,B02765
2014-04-02 02:15:00,40.638246598699595,-74.083956323435,B02765
2014-04-02 02:20:00,40.71918618716811,-73.75318740155102,B02764
2014-04-02 02:25:00,40.83918860973387,-73.86852983657104,B02765
2014-04-02 02:30:00,40.644975228204636,-73.92455383232416,B02765
2014-04-02 02:35:00,40.668775418569794,-73.80989693583395,B02764
2014-04-02 02:40:00,40.81667577051792,-73.90533242343012,B02765
2014-04-02 02:45:00,40.81601096096382,-73.75063070476733,B02765
2014-04-02 02:50:00,40.79234428986559,-73.7397192543955,B02765
2014-04-02 02:55:00,40.80818453334013,-73.93131162925062,B02512
2014-04-02 03:00:00,40.76281733300428,-73.98926888110597,B02512
2014-04-02 03:05:00,40.67553971767209,-73.86305986856266,B02512
2014-04-02 03:10:00,40.703708798051174,-73.73505466175332,B02764
2014-04-02 03:15:00,40.654479315040426,-74.01573512439774,B02617
2014-04-02 03:20:00,40.872535168400084,-73.85081336657461,B02765
2014-04-02 03:25:00,40.775017538429836,-73.84737591196298,B02765
2014-04-02 03:30:00,40.720255425029094,-73.80675479103388,B02764
2014-04-02 03:35:00,40.73860174109324,-74.04737292594909,B02765
2014-04-02 03:40:00,40.884185001883544,-73.81367001412717,B02512
2014-04-02 03:45:00,40.64600542093483,-73.73638699173375,B02617
2014-04-02 03:50:00,40.77586894960504,-74.0281267564519,B02682
2014-04-02 03:55:00,40.75176660366534,-74.00498267003044,B02765
2014-04-02 04:00:00,40.783436270630396,-73.71144196238335,B02512
2014-04-02 04:05:00,40.60543305514626,-74.0276092189162,B02682
2014-04-02 04:10:00,40.861637172683245,-73.75824596265217,B02617
2014-04-02 04:15:00,40.87963548474508,-73.90308885742078,B02682
2014-04-02 04:20:00,40.76953995507676,-74.00110757023873,B02512
2014-04-02 04:25:00,40.80899524716307,-73.751700039491,B02682
2014-04-02 04:30:00,40.87674981435319,-73.92187789799893,B02764
2014-04-02 04:35:00,40.81217159029402,-73.89407305842812,B02682
2014-04-02 04:40:00,40.64576171287428,-73.95630665224009,B02765
2014-04-02 04:45:00,40.77288650805004,-73.86281965942602,B02765
2014-04-02 04:50:00,40.78201451391486,-74.034590450966,B02764
2014-04-02 04:55:00,40.72723920139072,-73.94356738533929,B02512
2014-04-02 05:00:00,40.82093327068742,-73.71223507106589,B02765
2014-04-02 05:05:00,40.880310104430706,-73.99674662691955,B02617
2014-04-02 05:10:00,40.87767055387203,-73.83730533418348,B02765
2014-04-02 05:15:00,40.73525181142124,-73.96992397431012,B02765
2014-04-02 05:20:00,40.63397141375223,-73.79061074972536,B02512
2014-04-02 05:25:00,40.8954523596887,-74.04765053571265,B02682
2014-04-02 05:30:00,40.85166942593378,-73.71207158196859,B02765
2014-04-02 05:35:00,40.637398804360984,-73.91848418344654,B02764
2014-04-02 05:40:00,40.87625256478521,-74.00557981466142,B02682
2014-04-02 05:45:00,40.86096890861864,-74.070601301068,B02617
2014-04-02 05:50:00,40.75565141713782,-74.03209683796499,B02512
2014-04-02 05:55:00,40.77738263072348,-73.89209042057759,B02617
2014-04-02 06:00:00,40.71970081116104,-73.96519872942748,B02682
2014-04-02 06:05:00,40.61642849164661,-73.76844665364696,B02682
2014-04-02 06:10:00,40.70055917249377,-73.92764499053527,B02682
2014-04-02 06:15:00,40.8408560345794,-74.00051429096494,B02617
2014-04-02 06:20:00,40.601389606901385,-73.8531420053584,B02682
2014-04-02 06:25:00,40.70004975150734,-73.81728911324582,B02617
2014-04-02 06:30:00,40.71945060807728,-74.03318323683962,B02682
2014-04-02 06:35:00,40.76121868088138,-74.03295231348467,B02764
2014-04-02 06:40:00,40.87595668492383,-74.08533142922657,B02682
2014-04-02 06:45:00,40.70390379830979,-73.80543919397374,B02617
2014-04-02 06:50:00,40.70408596056887,-73.83447818895128,B02765
2014-04-02 06:55:00,40.82125037443292,-73.91014764970008,B02682
2014-04-02 07:00:00,40.735665382266944,-73.76233182041233,B02765
2014-04-02 07:05:00,40.667381446882,-73.77773193881998,B02764
2014-04-02 07:10:00,40.735731854839806,-73.8658582542413,B02512
2014-04-02 07:15:00,40.64225710611394,-73.75269148779469,B02764
2014-04-02 07:20:00,40.652916095951866,-74.01766351598529,B02682
2014-04-02 07:25:00,40.749510331821845,-74.0552321522409,B02765
2014-04-02 07:30:00,40.725677634851365,-73.9921001553932,B02765
2014-04-02 07:35:00,40.87445377032043,-74.07716525756427,B02617
2014-04-02 07:40:00,40.70871816973499,-73.88753218879958,B02765
2014-04-02 07:45:00,40.77417650508341,-73.72535772308201,B02617
2014-04-02 07:50:00,40.78967928637586,-74.0842625837326,B02512
2014-04-02 07:55:00,40.6039283369765,-74.05115603439599,B02682
2014-04-02 08:00:00,40.799061211605014,-73.91912038868662,B02617
2014-04-02 08:05:00,40.653410790060924,-73.72644999298885,B02512
2014-04-02 08:10:00,40.88832109524083,-73.9735375580093,B02765
2014-04-02 08:15:00,40.64459881832593,-73.89710607652464,B02765
2014-04-02 08:20:00,40.72438723711811,-74.08337085637984,B02512
2014-04-02 08:25:00,40.625604900423596,-74.04066271961516,B02765
2014-04-02 08:30:00,40.89906227555378,-73.70534795081646,B02512
2014-04-02 08:35:00,40.75065850309937,-73.71395252142558,B02617
2014-04-02 08:40:00,40.778615505196015,-74.09802400762624,B02617
2014-04-02 08:45:00,40.62012294321653,-73.7192752858307,B02512
2014-04-02 08:50:00,40.82498814111975,-73.8443520248738,B02617
2014-04-02 08:55:00,40.662971677928674,-73.752832682192,B02617
2014-04-02 09:00:00,40.86941628683221,-73.91810405774646,B02617
2014-04-02 09:05:00,40.661541892144605,-73.8937615885683,B02764
2014-04-02 09:10:00,40.6572063161991,-73.90446136789723,B02682
2014-04-02 09:15:00,40.61096490035443,-73.83325429698156,B02765
2014-04-02 09:20:00,40.741620083533,-74.04413949809746,B02764
2014-04-02 09:25:00,40.769452339978784,-74.08801056405092,B02617
2014-04-02 09:30:00,40.61971259182851,-73.97682802336352,B02512
2014-04-02 09:35:00,40.8326582850085,-73.81812769490534,B02617
2014-04-02 09:40:00,40.73598665042441,-74.01925861915082,B02682
2014-04-02 09:45:00,40.75731708079827,-73.83062702667003,B02617
2014-04-02 09:50:00,40.73222882408147,-73.7120351815571,B02512
2014-04-02 09:55:00,40.7202289182626,-74.06243971368423,B02682
2014-04-02 10:00:00,40.76789209939246,-73.83095915270995,B02617
2014-04-02 10:05:00,40.64657207377922,-73.92249991227817,B02682
2014-04-02 10:10:00,40.65457843914858,-73.752743098249,B02765
2014-04-02 10:15:00,40.85853568630405,-74.02914008422104,B02765
2014-04-02 10:20:00,40.88383463864009,-73.82294961910954,B02617
2014-04-02 10:25:00,40.711992794883926,-73.76475388414076,B02682
2014-04-02 10:30:00,40.681223401943065,-73.72215431221039,B02512
2014-04-02 10:35:00,40.793199862971704,-73.82670078868414,B02617
2014-04-02 10:40:00,40.72262025132943,-73.90113009439663,B02765
2014-04-02 10:45:00,40.60761590669811,-73.85286110391951,B02765
2014-04-02 10:50:00,40.646845779209855,-73.75243800620852,B02617
2014-04-02 10:55:00,40.814791668654216,-73.87175610134447,B02682
2014-04-02 11:00:00,40.79767718257305,-74.08784517612126,B02765
2014-04-02 11:05:00,40.60812879775105,-73.7276205217972,B02682
2014-04-02 11:10:00,40.66659164857989,-73.82418929958737,B02765
2014-04-02 11:15:00,40.66932243897642,-73.8293946456891,B02765
2014-04-02 11:20:00,40.801567823079615,-74.01372993904091,B02764
2014-04-02 11:25:00,40.60591316132631,-73.83644581190694,B02765
2014-04-02 11:30:00,40.63123257459537,-73.94245423773833,B02512
2014-04-02 11:35:00,40.839974825611954,-73.8395068091834,B02617
2014-04-02 11:40:00,40.6535633986163,-74.0573627878768,B02617
2014-04-02 11:45:00,40.79582383235556,-73.83686187815879,B02682
2014-04-02 11:50:00,40.67145483431402,-73.70023450969174,B02765
2014-04-02 11:55:00,40.62983241782781,-74.08071518445577,B02512
2014-04-02 12:00:00,40.67295165729983,-73.70913032631148,B02682
2014-04-02 12:05:00,40.8166800795567,-73.93723681571085,B02764
2014-04-02 12:10:00,40.856708940431886,-73.7516986198651,B02682
2014-04-02 12:15:00,40.849065959370094,-73.7870458063767,B02682
2014-04-02 12:20:00,40.71915505888553,-73.87319349560534,B02765
2014-04-02 12:25:00,40.80042554097119,-73.80462031629946,B02764
2014-04-02 12:30:00,40.66149528862475,-73.74859377547946,B02682
2014-04-02 12:35:00,40.687944319078305,-73.93834387133958,B02512
2014-04-02 12:40:00,40.86890074555633,-73.9691867353747,B02512
2014-04-02 12:45:00,40.603900577053224,-73.83296264577457,B02617
2014-04-02 12:50:00,40.625652559256345,-73.7768616232235,B02764
2014-04-02 12:55:00,40.66236587654381,-73.79508594608936,B02764
2014-04-02 13:00:00,40.60795966116215,-73.78087454045655,B02617
2014-04-02 13:05:00,40.65443063052694,-73.92576667407482,B02682
2014-04-02 13:10:00,40.77491246829091,-73.77286631352999,B02764
2014-04-02 13:15:00,40.72642736517775,-74.05191637785175,B02512
2014-04-02 13:20:00,40.867801513323094,-73.88220436081566,B02512
2014-04-02 13:25:00,40.84523306852153,-74.09769653580075,B02765
2014-04-02 13:30:00,40.70254520550937,-73.97016566803988,B02764
2014-04-02 13:35:00,40.67782703002939,-73.95341538605143,B02682
2014-04-02 13:40:00,40.71390772245018,-73.9415309233563,B02617
2014-04-02 13:45:00,40.77708848275444,-73.82181311732406,B02617
2014-04-02 13:50:00,40.680419092246865,-73.94457675949187,B02682
2014-04-02 13:55:00,40.78724467235474,-73.92052255095099,B02765
2014-04-02 14:00:00,40.72282349565737,-74.00498234765027,B02617
2014-04-02 14:05:00,40.765614154255594,-73.95069928334826,B02764
2014-04-02 14:10:00,40.730837958740594,-74.00909214909474,B02765
2014-04-02 14:15:00,40.68833972786258,-74.07072163049261,B02764
2014-04-02 14:20:00,40.884535992088644,-73.85862056264745,B02512
2014-04-02 14:25:00,40.82908173824793,-73.832714880578,B02765
2014-04-02 14:30:00,40.64203395272994,-73.85220386159615,B02617
2014-04-02 14:35:00,40.86054039276937,-73.91460238247977,B02765
2014-04-02 14:40:00,40.74622935947485,-73.94808568792831,B02765
2014-04-02 14:45:00,40.86836566806823,-73.75466654017127,B02765
2014-04-02 14:50:00,40.839956576784196,-73.89236728594551,B02765
2014-04-02 14:55:00,40.72756405134077,-73.90832724894811,B02764
2014-04-02 15:00:00,40.60674079249603,-74.08974317367742,B02512
2014-04-02 15:05:00,40.68060320781549,-73.96350086894954,B02682
2014-04-02 15:10:00,40.76249026439826,-73.94792175248566,B02765
2014-04-02 15:15:00,40.790043465947846,-73.94047088764124,B02617
2014-04-02 15:20:00,40.67736630562996,-73.86793105230906,B02765
2014-04-02 15:25:00,40.641806822221845,-73.88655898130925,B02617
2014-04-02 15:30:00,40.850479071039786,-73.85683796288262,B02764
2014-04-02 15:35:00,40.89532065421106,-73.79404669538314,B02617
2014-04-02 15:40:00,40.757707054690805,-73.77480570451357,B02682
2014-04-02 15:45:00,40.65150378575449,-73.8127507695094,B02512
2014-04-02 15:50:00,40.68169219795581,-73.71779052161803,B02617
2014-04-02 15:55:00,40.60551720296424,-74.09270696692946,B02617
2014-04-02 16:00:00,40.87428964196815,-74.02168880572658,B02512
2014-04-02 16:05:00,40.63532532486705,-74.09697485000873,B02682
2014-04-02 16:10:00,40.77295494265427,-73.84101011433816,B02765
2014-04-02 16:15:00,40.682216566206165,-73.74078778042,B02617
2014-04-02 16:20:00,40.766253400754735,-74.00260708136948,B02512
2014-04-02 16:25:00,40.79542611650556,-73.72918618208148,B02764
2014-04-02 16:30:00,40.84892254111216,-74.07589304388416,B02512
2014-04-02 16:35:00,40.66192638152818,-73.7262255892778,B02764
2014-04-02 16:40:00,40.603298748597545,-73.95935092510415,B02682
2014-04-02 16:45:00,40.64106568902064,-74.0594316686203,B02765
2014-04-02 16:50:00,40.87000559255443,-73.90565129632547,B02512
2014-04-02 16:55:00,40.86216702326875,-73.9972893729118,B02617
2014-04-02 17:00:00,40.77922393065109,-73.98605083921522,B02682
2014-04-02 17:05:00,40.7801550581301,-73.97708401402949,B02512
2014-04-02 17:10:00,40.79951100236388,-73.77878964086693,B02617
2014-04-02 17:15:00,40.652611383587036,-73.8843354893299,B02512
2014-04-02 17:20:00,40.87432358377749,-73.9754769203376,B02764
2014-04-02 17:25:00,40.725631157467625,-73.85586648667564,B02512
2014-04-02 17:30:00,40.71494155847485,-73.81353973031072,B02512
2014-04-02 17:35:00,40.75567531158485,-73.99095039970658,B02512
2014-04-02 17:40:00,40.614089790032516,-73.93458035938986,B02682
2014-04-02 17:45:00,40.649885010626825,-74.05124556266522,B02512
2014-04-02 17:50:00,40.82141008492791,-74.02754026018613,B02617
2014-04-02 17:55:00,40.62483960037754,-73.82755285841401,B02764
2014-04-02 18:00:00,40.78094563283992,-74.02742466092174,B02764
2014-04-02 18:05:00,40.673604732904394,-73.88993464653318,B02512
2014-04-02 18:10:00,40.716788684212595,-73.81638149531102,B02682
2014-04-02 18:15:00,40.68660812103121,-74.0572492307621,B02682
2014-04-02 18:20:00,40.706701814939485,-73.87307511214844,B02617
2014-04-02 18:25:00,40.815713771555274,-73.99737488651945,B02512
2014-04-02 18:30:00,40.68913651468695,-73.71482924990497,B02764
2014-04-02 18:35:00,40.76992139208907,-73.90658174131202,B02682
2014-04-02 18:40:00,40.74281512065973,-73.77760298008994,B02512
2014-04-02 18:45:00,40.7991013496088,-73.87990938313749,B02682
2014-04-02 18:50:00,40.88104892179743,-74.08263498685807,B02682
2014-04-02 18:55:00,40.81977162916307,-73.8467394497624,B02764
2014-04-02 19:00:00,40.66448211357723,-73.71943866311734,B02765
2014-04-02 19:05:00,40.60935494051839,-73.85935527194147,B02617
2014-04-02 19:10:00,40.678679213289946,-73.77232445622928,B02617
2014-04-02 19:15:00,40.77852337921008,-73.74631741466064,B02764
2014-04-02 19:20:00,40.61542774404528,-74.00876809122042,B02682
2014-04-02 19:25:00,40.74890987416037,-74.01518206403671,B02512
2014-04-02 19:30:00,40.779052854675065,-73.8556076044596,B02682
2014-04-02 19:35:00,40.700273167245086,-73.93558861207731,B02764
2014-04-02 19:40:00,40.831273661123745,-73.76405547885331,B02617
2014-04-02 19:45:00,40.631979475940135,-73.7399907506408,B02682
2014-04-02 19:50:00,40.62254133452075,-73.95863144827891,B02617
2014-04-02 19:55:00,40.81845662686108,-74.0052517764102,B02512
2014-04-02 20:00:00,40.74864739486186,-73.78778979390246,B02617
2014-04-02 20:05:00,40.80652071892832,-73.99007758578074,B02617
2014-04-02 20:10:00,40.730448201581126,-73.77095427259454,B02765
2014-04-02 20:15:00,40.67392060997173,-73.93050469854049,B02765
2014-04-02 20:20:00,40.84573069530226,-73.83298004028342,B02765
2014-04-02 20:25:00,40.83982476369069,-74.06178587446612,B02617
2014-04-02 20:30:00,40.808408941256324,-73.85045627012937,B02764
2014-04-02 20:35:00,40.68164354116899,-73.9192929285051,B02617
2014-04-02 20:40:00,40.77706920006072,-73.8653566147298,B02764
2014-04-02 20:45:00,40.70829216908201,-74.03279431690206,B02764
2014-04-02 20:50:00,40.62747462199799,-73.80525050202233,B02765
2014-04-02 20:55:00,40.87519407263867,-73.7548811689827,B02682
2014-04-02 21:00:00,40.64104558927569,-74.01330407996369,B02512
2014-04-02 21:05:00,40.885071206146236,-74.06171417779193,B02765
2014-04-02 21:10:00,40.73380173188739,-74.09054456558145,B02765
2014-04-02 21:15:00,40.65553987865159,-73.84321139982269,B02682
2014-04-02 21:20:00,40.76257028421351,-73.8571623855645,B02512
2014-04-02 21:25:00,40.86188375076292,-73.88132103491436,B02617
2014-04-02 21:30:00,40.81966746592287,-74.0072211615536,B02617
2014-04-02 21:35:00,40.841968344358435,-73.94363760163779,B02765
2014-04-02 21:40:00,40.79763501001322,-73.86220946592553,B02512
2014-04-02 21:45:00,40.807682969355355,-73.90129325645633,B02765
2014-04-02 21:50:00,40.85475869546959,-73.70488579191405,B02764
2014-04-02 21:55:00,40.674900402657755,-74.0454240989773,B02765
2014-04-02 22:00:00,40.746827489092944,-73.82194217838097,B02765
2014-04-02 22:05:00,40.66636283254588,-73.93827249275829,B02617
2014-04-02 22:10:00,40.89630040239899,-73.92872015402975,B02617
2014-04-02 22:15:00,40.883217801905985,-73.81296089373673,B02617
2014-04-02 22:20:00,40.611828043410554,-73.82302553947025,B02764
2014-04-02 22:25:00,40.811672551754704,-73.70349760251912,B02617
2014-04-02 22:30:00,40.8775744952247,-74.04864228421835,B02512
2014-04-02 22:35:00,40.6541726035382,-74.05835614024633,B02682
2014-04-02 22:40:00,40.77038356916579,-73.81026447314851,B02512
2014-04-02 22:45:00,40.87464648927641,-73.86864523319744,B02512
2014-04-02 22:50:00,40.61018379357574,-73.99033573337607,B02617
2014-04-02 22:55:00,40.80922608017405,-74.0682322524044,B02682
2014-04-02 23:00:00,40.68920470221177,-74.06573670016142,B02682
2014-04-02 23:05:00,40.87731885861296,-73.74232365013435,B02682
2014-04-02 23:10:00,40.891317473549606,-74.0232530701125,B02764
2014-04-02 23:15:00,40.88327994673403,-73.97065137515379,B02617
2014-04-02 23:20:00,40.74226426499724,-74.0093374391092,B02682
2014-04-02 23:25:00,40.85861279529679,-73.95800147766722,B02764
2014-04-02 23:30:00,40.85336481956052,-74.07223046290156,B02765
2014-04-02 23:35:00,40.69573014197298,-73.89237608363669,B02765
2014-04-02 23:40:00,40.8486746422452,-74.0729549745631,B02764
2014-04-02 23:45:00,40.61110229041465,-73.77985739687105,B02764
2014-04-02 23:50:00,40.778880963544616,-74.00651516723582,B02617
2014-04-02 23:55:00,40.66900265118631,-73.88399523415819,B02617
2014-04-03 00:00:00,40.63617006573318,-73.74796836497542,B02765
